Survey Years,Sex,Age Group,Race and Hispanic Origin,Infectious Disease,Percent,Standard Error,Lower 95% CI Limit,Upper 95% CI Limit,Presentation Standard,Note1,Notea
1999-2000,All,20-49,All,Herpes Simplex Virus Type 1 (HSV-1),62.5,1.1,60.0,64.9,,,
1999-2000,All,20-49,Non-Hispanic White,Herpes Simplex Virus Type 1 (HSV-1),55.4,1.7,51.5,59.2,,,
1999-2000,All,20-49,Non-Hispanic Black,Herpes Simplex Virus Type 1 (HSV-1),70.7,3.1,63.4,77.3,,,
1999-2000,All,20-49,Non-Hispanic Asian,Herpes Simplex Virus Type 1 (HSV-1),,,,,,Data are only available for Non-Hispanic Asian persons from 2011-2012 onward and for Hispanic persons from 2007-2008 onward.,*
1999-2000,All,20-49,Hispanic,Herpes Simplex Virus Type 1 (HSV-1),,,,,,Data are only available for Non-Hispanic Asian persons from 2011-2012 onward and for Hispanic persons from 2007-2008 onward.,*
1999-2000,All,20-49,Mexican American,Herpes Simplex Virus Type 1 (HSV-1),85.6,1.8,81.0,89.4,,,
1999-2000,All,20-29,All,Herpes Simplex Virus Type 1 (HSV-1),58.8,1.8,54.8,62.6,,,
1999-2000,All,30-39,All,Herpes Simplex Virus Type 1 (HSV-1),63.9,1.9,59.6,68.0,,,
1999-2000,All,40-49,All,Herpes Simplex Virus Type 1 (HSV-1),64.6,1.6,60.8,68.2,,,
1999-2000,Female,20-49,All,Herpes Simplex Virus Type 1 (HSV-1),64.2,1.3,61.3,66.9,,,
1999-2000,Female,20-29,All,Herpes Simplex Virus Type 1 (HSV-1),61.7,3.6,53.5,69.5,,,
1999-2000,Female,30-39,All,Herpes Simplex Virus Type 1 (HSV-1),62.1,2.4,56.8,67.2,,,
1999-2000,Female,40-49,All,Herpes Simplex Virus Type 1 (HSV-1),68.9,1.8,63.7,73.7,,,
1999-2000,Male,20-49,All,Herpes Simplex Virus Type 1 (HSV-1),60.7,1.3,57.5,63.9,,,
1999-2000,Male,20-29,All,Herpes Simplex Virus Type 1 (HSV-1),55.8,1.9,50.0,61.5,,,
1999-2000,Male,30-39,All,Herpes Simplex Virus Type 1 (HSV-1),65.8,2.5,60.2,71.1,,,
1999-2000,Male,40-49,All,Herpes Simplex Virus Type 1 (HSV-1),59.8,3.1,52.9,66.5,,,
2001-2002,All,20-49,All,Herpes Simplex Virus Type 1 (HSV-1),61.5,1.7,57.8,65.2,,,
2001-2002,All,20-49,Non-Hispanic White,Herpes Simplex Virus Type 1 (HSV-1),54.3,2.4,49.0,59.5,,,
2001-2002,All,20-49,Non-Hispanic Black,Herpes Simplex Virus Type 1 (HSV-1),70.0,2.7,63.9,75.7,,,
2001-2002,All,20-49,Non-Hispanic Asian,Herpes Simplex Virus Type 1 (HSV-1),,,,,,Data are only available for Non-Hispanic Asian persons from 2011-2012 onward and for Hispanic persons from 2007-2008 onward.,*
2001-2002,All,20-49,Hispanic,Herpes Simplex Virus Type 1 (HSV-1),,,,,,Data are only available for Non-Hispanic Asian persons from 2011-2012 onward and for Hispanic persons from 2007-2008 onward.,*
2001-2002,All,20-49,Mexican American,Herpes Simplex Virus Type 1 (HSV-1),84.2,2.1,79.0,88.6,,,
2001-2002,All,20-29,All,Herpes Simplex Virus Type 1 (HSV-1),53.6,2.6,47.9,59.3,,,
2001-2002,All,30-39,All,Herpes Simplex Virus Type 1 (HSV-1),64.8,2.3,59.7,69.7,,,
2001-2002,All,40-49,All,Herpes Simplex Virus Type 1 (HSV-1),65.3,2.6,59.4,71.0,,,
2001-2002,Female,20-49,All,Herpes Simplex Virus Type 1 (HSV-1),62.7,1.6,59.1,66.2,,,
2001-2002,Female,20-29,All,Herpes Simplex Virus Type 1 (HSV-1),57.6,2.6,51.8,63.2,,,
2001-2002,Female,30-39,All,Herpes Simplex Virus Type 1 (HSV-1),65.4,2.8,59.1,71.2,,,
2001-2002,Female,40-49,All,Herpes Simplex Virus Type 1 (HSV-1),65.1,3.2,57.9,71.8,,,
2001-2002,Male,20-49,All,Herpes Simplex Virus Type 1 (HSV-1),60.2,2.5,54.7,65.6,,,
2001-2002,Male,20-29,All,Herpes Simplex Virus Type 1 (HSV-1),49.1,3.6,41.2,57.0,,,
2001-2002,Male,30-39,All,Herpes Simplex Virus Type 1 (HSV-1),64.2,3.8,55.6,72.3,,,
2001-2002,Male,40-49,All,Herpes Simplex Virus Type 1 (HSV-1),65.6,4.1,56.1,74.2,,,
2003-2004,All,20-49,All,Herpes Simplex Virus Type 1 (HSV-1),59.8,1.9,55.6,63.9,,,
2003-2004,All,20-49,Non-Hispanic White,Herpes Simplex Virus Type 1 (HSV-1),52.6,2.3,47.5,57.7,,,
2003-2004,All,20-49,Non-Hispanic Black,Herpes Simplex Virus Type 1 (HSV-1),70.2,3.9,60.9,78.4,,,
2003-2004,All,20-49,Non-Hispanic Asian,Herpes Simplex Virus Type 1 (HSV-1),,,,,,Data are only available for Non-Hispanic Asian persons from 2011-2012 onward and for Hispanic persons from 2007-2008 onward.,*
2003-2004,All,20-49,Hispanic,Herpes Simplex Virus Type 1 (HSV-1),,,,,,Data are only available for Non-Hispanic Asian persons from 2011-2012 onward and for Hispanic persons from 2007-2008 onward.,*
2003-2004,All,20-49,Mexican American,Herpes Simplex Virus Type 1 (HSV-1),83.9,2.3,78.1,88.7,,,
2003-2004,All,20-29,All,Herpes Simplex Virus Type 1 (HSV-1),51.1,2.2,46.3,56.0,,,
2003-2004,All,30-39,All,Herpes Simplex Virus Type 1 (HSV-1),61.7,3.0,55.1,68.1,,,
2003-2004,All,40-49,All,Herpes Simplex Virus Type 1 (HSV-1),65.5,2.3,60.4,70.3,,,
2003-2004,Female,20-49,All,Herpes Simplex Virus Type 1 (HSV-1),61.9,2.2,57.1,66.6,,,
2003-2004,Female,20-29,All,Herpes Simplex Virus Type 1 (HSV-1),51.9,3.2,44.9,58.9,,,
2003-2004,Female,30-39,All,Herpes Simplex Virus Type 1 (HSV-1),63.2,2.9,56.7,69.3,,,
2003-2004,Female,40-49,All,Herpes Simplex Virus Type 1 (HSV-1),68.9,2.4,63.5,73.9,,,
2003-2004,Male,20-49,All,Herpes Simplex Virus Type 1 (HSV-1),57.7,2.1,53.0,62.2,,,
2003-2004,Male,20-29,All,Herpes Simplex Virus Type 1 (HSV-1),50.4,2.6,44.7,56.2,,,
2003-2004,Male,30-39,All,Herpes Simplex Virus Type 1 (HSV-1),60.3,3.9,51.5,68.6,,,
2003-2004,Male,40-49,All,Herpes Simplex Virus Type 1 (HSV-1),61.8,3.1,54.7,68.5,,,
2005-2006,All,20-49,All,Herpes Simplex Virus Type 1 (HSV-1),58.6,1.8,54.8,62.4,,,
2005-2006,All,20-49,Non-Hispanic White,Herpes Simplex Virus Type 1 (HSV-1),51.6,2.1,47.0,56.3,,,
2005-2006,All,20-49,Non-Hispanic Black,Herpes Simplex Virus Type 1 (HSV-1),62.8,2.2,57.8,67.5,,,
2005-2006,All,20-49,Non-Hispanic Asian,Herpes Simplex Virus Type 1 (HSV-1),,,,,,Data are only available for Non-Hispanic Asian persons from 2011-2012 onward and for Hispanic persons from 2007-2008 onward.,*
2005-2006,All,20-49,Hispanic,Herpes Simplex Virus Type 1 (HSV-1),,,,,,Data are only available for Non-Hispanic Asian persons from 2011-2012 onward and for Hispanic persons from 2007-2008 onward.,*
2005-2006,All,20-49,Mexican American,Herpes Simplex Virus Type 1 (HSV-1),86.8,1.4,83.6,89.6,,,
2005-2006,All,20-29,All,Herpes Simplex Virus Type 1 (HSV-1),51.5,2.6,45.8,57.2,,,
2005-2006,All,30-39,All,Herpes Simplex Virus Type 1 (HSV-1),62.6,2.2,57.6,67.5,,,
2005-2006,All,40-49,All,Herpes Simplex Virus Type 1 (HSV-1),61.0,2.5,55.5,66.3,,,
2005-2006,Female,20-49,All,Herpes Simplex Virus Type 1 (HSV-1),58.4,2.1,53.9,62.9,,,
2005-2006,Female,20-29,All,Herpes Simplex Virus Type 1 (HSV-1),51.6,2.7,45.7,57.4,,,
2005-2006,Female,30-39,All,Herpes Simplex Virus Type 1 (HSV-1),63.1,3.3,55.6,70.2,,,
2005-2006,Female,40-49,All,Herpes Simplex Virus Type 1 (HSV-1),59.9,2.6,54.1,65.5,,,
2005-2006,Male,20-49,All,Herpes Simplex Virus Type 1 (HSV-1),58.8,2.2,53.9,63.6,,,
2005-2006,Male,20-29,All,Herpes Simplex Virus Type 1 (HSV-1),51.5,3.3,44.4,58.6,,,
2005-2006,Male,30-39,All,Herpes Simplex Virus Type 1 (HSV-1),62.2,3.6,54.0,69.8,,,
2005-2006,Male,40-49,All,Herpes Simplex Virus Type 1 (HSV-1),62.0,3.9,53.1,70.4,,,
2007-2008,All,20-49,All,Herpes Simplex Virus Type 1 (HSV-1),60.2,2.6,54.6,65.7,,,
2007-2008,All,20-49,Non-Hispanic White,Herpes Simplex Virus Type 1 (HSV-1),54.5,3.6,46.5,62.3,,,
2007-2008,All,20-49,Non-Hispanic Black,Herpes Simplex Virus Type 1 (HSV-1),63.4,2.4,57.9,68.6,,,
2007-2008,All,20-49,Non-Hispanic Asian,Herpes Simplex Virus Type 1 (HSV-1),,,,,,Data are only available for Non-Hispanic Asian persons from 2011-2012 onward and for Hispanic persons from 2007-2008 onward.,*
2007-2008,All,20-49,Hispanic,Herpes Simplex Virus Type 1 (HSV-1),81.0,2.2,76.0,85.4,,,
2007-2008,All,20-49,Mexican American,Herpes Simplex Virus Type 1 (HSV-1),81.1,2.2,75.9,85.6,,,
2007-2008,All,20-29,All,Herpes Simplex Virus Type 1 (HSV-1),50.4,3.8,42.1,58.6,,,
2007-2008,All,30-39,All,Herpes Simplex Virus Type 1 (HSV-1),65.7,2.8,59.5,71.6,,,
2007-2008,All,40-49,All,Herpes Simplex Virus Type 1 (HSV-1),64.1,3.2,57.0,70.8,,,
2007-2008,Female,20-49,All,Herpes Simplex Virus Type 1 (HSV-1),62.0,3.3,54.6,68.9,,,
2007-2008,Female,20-29,All,Herpes Simplex Virus Type 1 (HSV-1),52.9,4.6,42.8,62.9,,,
2007-2008,Female,30-39,All,Herpes Simplex Virus Type 1 (HSV-1),69.9,3.3,62.3,76.7,,,
2007-2008,Female,40-49,All,Herpes Simplex Virus Type 1 (HSV-1),62.9,4.8,52.0,72.9,,,
2007-2008,Male,20-49,All,Herpes Simplex Virus Type 1 (HSV-1),58.5,2.6,52.9,63.9,,,
2007-2008,Male,20-29,All,Herpes Simplex Virus Type 1 (HSV-1),47.8,4.0,39.1,56.6,,,
2007-2008,Male,30-39,All,Herpes Simplex Virus Type 1 (HSV-1),61.5,2.8,55.1,67.5,,,
2007-2008,Male,40-49,All,Herpes Simplex Virus Type 1 (HSV-1),65.4,3.4,57.8,72.4,,,
2009-2010,All,20-49,All,Herpes Simplex Virus Type 1 (HSV-1),56.7,2.2,51.8,61.4,,,
2009-2010,All,20-49,Non-Hispanic White,Herpes Simplex Virus Type 1 (HSV-1),47.3,1.7,43.6,51.0,,,
2009-2010,All,20-49,Non-Hispanic Black,Herpes Simplex Virus Type 1 (HSV-1),68.3,2.4,62.9,73.4,,,
2009-2010,All,20-49,Non-Hispanic Asian,Herpes Simplex Virus Type 1 (HSV-1),,,,,,Data are only available for Non-Hispanic Asian persons from 2011-2012 onward and for Hispanic persons from 2007-2008 onward.,*
2009-2010,All,20-49,Hispanic,Herpes Simplex Virus Type 1 (HSV-1),81.5,1.5,78.1,84.5,,,
2009-2010,All,20-49,Mexican American,Herpes Simplex Virus Type 1 (HSV-1),82.9,1.4,79.5,85.8,,,
2009-2010,All,20-29,All,Herpes Simplex Virus Type 1 (HSV-1),46.6,2.5,41.2,52.1,,,
2009-2010,All,30-39,All,Herpes Simplex Virus Type 1 (HSV-1),57.0,3.1,50.1,63.7,,,
2009-2010,All,40-49,All,Herpes Simplex Virus Type 1 (HSV-1),65.7,2.5,60.2,70.9,,,
2009-2010,Female,20-49,All,Herpes Simplex Virus Type 1 (HSV-1),60.7,2.1,56.0,65.3,,,
2009-2010,Female,20-29,All,Herpes Simplex Virus Type 1 (HSV-1),52.3,2.2,47.6,57.1,,,
2009-2010,Female,30-39,All,Herpes Simplex Virus Type 1 (HSV-1),59.4,3.0,52.7,65.9,,,
2009-2010,Female,40-49,All,Herpes Simplex Virus Type 1 (HSV-1),69.3,2.5,63.6,74.6,,,
2009-2010,Male,20-49,All,Herpes Simplex Virus Type 1 (HSV-1),52.5,2.7,46.6,58.4,,,
2009-2010,Male,20-29,All,Herpes Simplex Virus Type 1 (HSV-1),41.0,3.7,33.0,49.3,,,
2009-2010,Male,30-39,All,Herpes Simplex Virus Type 1 (HSV-1),54.5,3.8,46.1,62.7,,,
2009-2010,Male,40-49,All,Herpes Simplex Virus Type 1 (HSV-1),61.8,3.2,54.6,68.6,,,
2011-2012,All,20-49,All,Herpes Simplex Virus Type 1 (HSV-1),59.7,2.6,54.0,65.2,,,
2011-2012,All,20-49,Non-Hispanic White,Herpes Simplex Virus Type 1 (HSV-1),53.2,2.9,46.9,59.5,,,
2011-2012,All,20-49,Non-Hispanic Black,Herpes Simplex Virus Type 1 (HSV-1),62.8,3.8,54.1,70.9,,,
2011-2012,All,20-49,Non-Hispanic Asian,Herpes Simplex Virus Type 1 (HSV-1),58.7,3.4,51.2,66.0,,,
2011-2012,All,20-49,Hispanic,Herpes Simplex Virus Type 1 (HSV-1),79.0,1.9,74.6,83.0,,,
2011-2012,All,20-49,Mexican American,Herpes Simplex Virus Type 1 (HSV-1),80.1,2.7,73.4,85.8,,,
2011-2012,All,20-29,All,Herpes Simplex Virus Type 1 (HSV-1),46.0,3.1,39.3,52.8,,,
2011-2012,All,30-39,All,Herpes Simplex Virus Type 1 (HSV-1),58.9,2.7,52.9,64.7,,,
2011-2012,All,40-49,All,Herpes Simplex Virus Type 1 (HSV-1),73.7,1.5,70.3,76.9,,,
2011-2012,Female,20-49,All,Herpes Simplex Virus Type 1 (HSV-1),62.7,3.2,55.6,69.3,,,
2011-2012,Female,20-29,All,Herpes Simplex Virus Type 1 (HSV-1),48.5,4.1,39.6,57.5,,,
2011-2012,Female,30-39,All,Herpes Simplex Virus Type 1 (HSV-1),63.0,3.4,55.3,70.2,,,
2011-2012,Female,40-49,All,Herpes Simplex Virus Type 1 (HSV-1),76.0,2.2,70.9,80.6,,,
2011-2012,Male,20-49,All,Herpes Simplex Virus Type 1 (HSV-1),56.6,2.4,51.4,61.8,,,
2011-2012,Male,20-29,All,Herpes Simplex Virus Type 1 (HSV-1),43.4,2.8,37.4,49.6,,,
2011-2012,Male,30-39,All,Herpes Simplex Virus Type 1 (HSV-1),54.6,2.9,48.4,60.8,,,
2011-2012,Male,40-49,All,Herpes Simplex Virus Type 1 (HSV-1),71.3,2.2,66.5,75.8,,,
2013-2014,All,20-49,All,Herpes Simplex Virus Type 1 (HSV-1),54.2,1.8,50.2,58.0,,,
2013-2014,All,20-49,Non-Hispanic White,Herpes Simplex Virus Type 1 (HSV-1),44.8,2.1,40.2,49.5,,,
2013-2014,All,20-49,Non-Hispanic Black,Herpes Simplex Virus Type 1 (HSV-1),62.5,3.2,55.3,69.3,,,
2013-2014,All,20-49,Non-Hispanic Asian,Herpes Simplex Virus Type 1 (HSV-1),61.8,3.4,54.0,69.2,,,
2013-2014,All,20-49,Hispanic,Herpes Simplex Virus Type 1 (HSV-1),73.6,1.8,69.6,77.4,,,
2013-2014,All,20-49,Mexican American,Herpes Simplex Virus Type 1 (HSV-1),79.3,2.2,74.0,84.0,,,
2013-2014,All,20-29,All,Herpes Simplex Virus Type 1 (HSV-1),41.7,1.9,37.6,45.9,,,
2013-2014,All,30-39,All,Herpes Simplex Virus Type 1 (HSV-1),58.1,2.4,52.9,63.1,,,
2013-2014,All,40-49,All,Herpes Simplex Virus Type 1 (HSV-1),63.2,3.3,55.7,70.2,,,
2013-2014,Female,20-49,All,Herpes Simplex Virus Type 1 (HSV-1),56.3,1.9,52.0,60.5,,,
2013-2014,Female,20-29,All,Herpes Simplex Virus Type 1 (HSV-1),45.1,2.9,38.8,51.5,,,
2013-2014,Female,30-39,All,Herpes Simplex Virus Type 1 (HSV-1),60.7,1.9,56.2,65.1,,,
2013-2014,Female,40-49,All,Herpes Simplex Virus Type 1 (HSV-1),63.1,3.7,54.7,70.9,,,
2013-2014,Male,20-49,All,Herpes Simplex Virus Type 1 (HSV-1),52.0,1.9,47.9,56.0,,,
2013-2014,Male,20-29,All,Herpes Simplex Virus Type 1 (HSV-1),38.2,2.0,33.6,43.0,,,
2013-2014,Male,30-39,All,Herpes Simplex Virus Type 1 (HSV-1),55.3,3.2,48.2,62.3,,,
2013-2014,Male,40-49,All,Herpes Simplex Virus Type 1 (HSV-1),63.2,3.6,54.9,71.0,,,
2015-2016,All,20-49,All,Herpes Simplex Virus Type 1 (HSV-1),51.6,2.6,45.9,57.3,,,
2015-2016,All,20-49,Non-Hispanic White,Herpes Simplex Virus Type 1 (HSV-1),40.0,2.2,35.2,44.9,,,
2015-2016,All,20-49,Non-Hispanic Black,Herpes Simplex Virus Type 1 (HSV-1),61.8,2.1,57.0,66.4,,,
2015-2016,All,20-49,Non-Hispanic Asian,Herpes Simplex Virus Type 1 (HSV-1),60.4,3.5,52.6,67.8,,,
2015-2016,All,20-49,Hispanic,Herpes Simplex Virus Type 1 (HSV-1),74.9,2.5,69.2,80.1,,,
2015-2016,All,20-49,Mexican American,Herpes Simplex Virus Type 1 (HSV-1),76.5,3.1,68.9,83.0,,,
2015-2016,All,20-29,All,Herpes Simplex Virus Type 1 (HSV-1),41.3,3.5,33.8,49.1,,,
2015-2016,All,30-39,All,Herpes Simplex Virus Type 1 (HSV-1),54.1,2.5,48.6,59.5,,,
2015-2016,All,40-49,All,Herpes Simplex Virus Type 1 (HSV-1),59.7,3.6,51.7,67.4,,,
2015-2016,Female,20-49,All,Herpes Simplex Virus Type 1 (HSV-1),54.6,2.4,49.4,59.7,,,
2015-2016,Female,20-29,All,Herpes Simplex Virus Type 1 (HSV-1),43.1,3.3,36.0,50.5,,,
2015-2016,Female,30-39,All,Herpes Simplex Virus Type 1 (HSV-1),59.3,2.9,52.8,65.5,,,
2015-2016,Female,40-49,All,Herpes Simplex Virus Type 1 (HSV-1),61.6,4.0,52.6,70.0,,,
2015-2016,Male,20-49,All,Herpes Simplex Virus Type 1 (HSV-1),48.5,3.3,41.3,55.8,,,
2015-2016,Male,20-29,All,Herpes Simplex Virus Type 1 (HSV-1),39.5,4.7,29.5,50.2,,,
2015-2016,Male,30-39,All,Herpes Simplex Virus Type 1 (HSV-1),48.7,2.6,43.0,54.5,,,
2015-2016,Male,40-49,All,Herpes Simplex Virus Type 1 (HSV-1),57.8,4.7,47.1,68.0,,,
2017-2018,All,20-49,All,Herpes Simplex Virus Type 1 (HSV-1),51.3,1.5,48.1,54.5,,,
2017-2018,All,20-49,Non-Hispanic White,Herpes Simplex Virus Type 1 (HSV-1),42.4,2.1,37.9,47.1,,,
2017-2018,All,20-49,Non-Hispanic Black,Herpes Simplex Virus Type 1 (HSV-1),55.2,1.6,50.7,59.7,,,
2017-2018,All,20-49,Non-Hispanic Asian,Herpes Simplex Virus Type 1 (HSV-1),56.0,5.4,43.3,68.1,,,
2017-2018,All,20-49,Hispanic,Herpes Simplex Virus Type 1 (HSV-1),69.6,2.0,65.1,73.8,,,
2017-2018,All,20-49,Mexican American,Herpes Simplex Virus Type 1 (HSV-1),68.3,2.4,62.6,73.6,,,
2017-2018,All,20-29,All,Herpes Simplex Virus Type 1 (HSV-1),40.5,2.3,35.5,45.6,,,
2017-2018,All,30-39,All,Herpes Simplex Virus Type 1 (HSV-1),54.4,2.6,48.8,59.9,,,
2017-2018,All,40-49,All,Herpes Simplex Virus Type 1 (HSV-1),60.1,2.7,54.1,66.0,,,
2017-2018,Female,20-49,All,Herpes Simplex Virus Type 1 (HSV-1),54.6,1.9,50.6,58.7,,,
2017-2018,Female,20-29,All,Herpes Simplex Virus Type 1 (HSV-1),45.4,2.2,40.2,50.6,,,
2017-2018,Female,30-39,All,Herpes Simplex Virus Type 1 (HSV-1),61.2,3.5,53.3,68.7,,,
2017-2018,Female,40-49,All,Herpes Simplex Virus Type 1 (HSV-1),57.7,3.9,49.0,66.1,,,
2017-2018,Male,20-49,All,Herpes Simplex Virus Type 1 (HSV-1),47.9,1.7,44.1,51.6,,,
2017-2018,Male,20-29,All,Herpes Simplex Virus Type 1 (HSV-1),35.6,3.0,29.3,42.3,,,
2017-2018,Male,30-39,All,Herpes Simplex Virus Type 1 (HSV-1),47.3,3.6,39.5,55.2,,,
2017-2018,Male,40-49,All,Herpes Simplex Virus Type 1 (HSV-1),62.6,3.8,54.0,70.8,,,
1999-2000,All,20-49,All,Herpes Simplex Virus Type 2 (HSV-2),21.0,1.5,17.8,24.4,,,
1999-2000,All,20-49,Non-Hispanic White,Herpes Simplex Virus Type 2 (HSV-2),16.9,1.1,14.4,19.6,,,
1999-2000,All,20-49,Non-Hispanic Black,Herpes Simplex Virus Type 2 (HSV-2),48.5,3.0,42.0,55.1,,,
1999-2000,All,20-49,Non-Hispanic Asian,Herpes Simplex Virus Type 2 (HSV-2),,,,,,Data are only available for Non-Hispanic Asian persons from 2011-2012 onward and for Hispanic persons from 2007-2008 onward.,*
1999-2000,All,20-49,Hispanic,Herpes Simplex Virus Type 2 (HSV-2),,,,,,Data are only available for Non-Hispanic Asian persons from 2011-2012 onward and for Hispanic persons from 2007-2008 onward.,*
1999-2000,All,20-49,Mexican American,Herpes Simplex Virus Type 2 (HSV-2),13.8,1.5,10.7,17.5,,,
1999-2000,All,20-29,All,Herpes Simplex Virus Type 2 (HSV-2),9.2,1.3,6.6,12.5,,,
1999-2000,All,30-39,All,Herpes Simplex Virus Type 2 (HSV-2),25.6,1.8,21.9,29.6,,,
1999-2000,All,40-49,All,Herpes Simplex Virus Type 2 (HSV-2),27.0,2.1,22.6,31.8,,,
1999-2000,Female,20-49,All,Herpes Simplex Virus Type 2 (HSV-2),28.1,1.9,24.1,32.4,,,
1999-2000,Female,20-29,All,Herpes Simplex Virus Type 2 (HSV-2),12.4,1.8,8.8,16.7,,,
1999-2000,Female,30-39,All,Herpes Simplex Virus Type 2 (HSV-2),36.4,2.9,30.2,43.0,,,
1999-2000,Female,40-49,All,Herpes Simplex Virus Type 2 (HSV-2),33.2,2.9,27.1,39.8,,,
1999-2000,Male,20-49,All,Herpes Simplex Virus Type 2 (HSV-2),13.4,1.8,9.8,17.7,,,
1999-2000,Male,20-29,All,Herpes Simplex Virus Type 2 (HSV-2),6.2,2.3,2.2,13.0,Estimate does not meet National Center for Health Statistics standards of reliability,,
1999-2000,Male,30-39,All,Herpes Simplex Virus Type 2 (HSV-2),14.1,1.7,10.5,18.4,,,
1999-2000,Male,40-49,All,Herpes Simplex Virus Type 2 (HSV-2),20.1,2.4,15.2,25.9,,,
2001-2002,All,20-49,All,Herpes Simplex Virus Type 2 (HSV-2),20.3,1.5,17.2,23.7,,,
2001-2002,All,20-49,Non-Hispanic White,Herpes Simplex Virus Type 2 (HSV-2),16.0,1.4,13.1,19.1,,,
2001-2002,All,20-49,Non-Hispanic Black,Herpes Simplex Virus Type 2 (HSV-2),50.4,3.9,41.7,59.0,,,
2001-2002,All,20-49,Non-Hispanic Asian,Herpes Simplex Virus Type 2 (HSV-2),,,,,,Data are only available for Non-Hispanic Asian persons from 2011-2012 onward and for Hispanic persons from 2007-2008 onward.,*
2001-2002,All,20-49,Hispanic,Herpes Simplex Virus Type 2 (HSV-2),,,,,,Data are only available for Non-Hispanic Asian persons from 2011-2012 onward and for Hispanic persons from 2007-2008 onward.,*
2001-2002,All,20-49,Mexican American,Herpes Simplex Virus Type 2 (HSV-2),16.6,1.7,13.0,20.7,,,
2001-2002,All,20-29,All,Herpes Simplex Virus Type 2 (HSV-2),12.4,2.1,8.2,17.7,,,
2001-2002,All,30-39,All,Herpes Simplex Virus Type 2 (HSV-2),22.4,1.7,18.8,26.3,,,
2001-2002,All,40-49,All,Herpes Simplex Virus Type 2 (HSV-2),25.3,1.8,21.4,29.4,,,
2001-2002,Female,20-49,All,Herpes Simplex Virus Type 2 (HSV-2),27.0,1.7,23.3,30.8,,,
2001-2002,Female,20-29,All,Herpes Simplex Virus Type 2 (HSV-2),17.3,3.1,11.2,25.0,,,
2001-2002,Female,30-39,All,Herpes Simplex Virus Type 2 (HSV-2),27.8,2.2,23.3,32.7,,,
2001-2002,Female,40-49,All,Herpes Simplex Virus Type 2 (HSV-2),35.7,2.5,30.4,41.4,,,
2001-2002,Male,20-49,All,Herpes Simplex Virus Type 2 (HSV-2),13.4,1.5,10.3,17.0,,,
2001-2002,Male,20-29,All,Herpes Simplex Virus Type 2 (HSV-2),6.8,1.7,3.6,11.5,,,
2001-2002,Male,30-39,All,Herpes Simplex Virus Type 2 (HSV-2),16.4,1.8,12.6,20.7,,,
2001-2002,Male,40-49,All,Herpes Simplex Virus Type 2 (HSV-2),16.0,2.6,10.8,22.4,,,
2003-2004,All,20-49,All,Herpes Simplex Virus Type 2 (HSV-2),18.9,1.0,16.9,21.0,,,
2003-2004,All,20-49,Non-Hispanic White,Herpes Simplex Virus Type 2 (HSV-2),14.6,1.0,12.5,16.9,,,
2003-2004,All,20-49,Non-Hispanic Black,Herpes Simplex Virus Type 2 (HSV-2),46.8,2.9,40.3,53.4,,,
2003-2004,All,20-49,Non-Hispanic Asian,Herpes Simplex Virus Type 2 (HSV-2),,,,,,Data are only available for Non-Hispanic Asian persons from 2011-2012 onward and for Hispanic persons from 2007-2008 onward.,*
2003-2004,All,20-49,Hispanic,Herpes Simplex Virus Type 2 (HSV-2),,,,,,Data are only available for Non-Hispanic Asian persons from 2011-2012 onward and for Hispanic persons from 2007-2008 onward.,*
2003-2004,All,20-49,Mexican American,Herpes Simplex Virus Type 2 (HSV-2),12.3,1.4,9.4,15.7,,,
2003-2004,All,20-29,All,Herpes Simplex Virus Type 2 (HSV-2),10.1,1.0,8.0,12.5,,,
2003-2004,All,30-39,All,Herpes Simplex Virus Type 2 (HSV-2),19.0,1.8,15.4,23.1,,,
2003-2004,All,40-49,All,Herpes Simplex Virus Type 2 (HSV-2),26.4,1.8,22.5,30.6,,,
2003-2004,Female,20-49,All,Herpes Simplex Virus Type 2 (HSV-2),25.0,1.1,22.6,27.6,,,
2003-2004,Female,20-29,All,Herpes Simplex Virus Type 2 (HSV-2),16.4,1.6,13.0,20.2,,,
2003-2004,Female,30-39,All,Herpes Simplex Virus Type 2 (HSV-2),24.8,2.5,19.7,30.6,,,
2003-2004,Female,40-49,All,Herpes Simplex Virus Type 2 (HSV-2),32.2,2.6,26.8,37.9,,,
2003-2004,Male,20-49,All,Herpes Simplex Virus Type 2 (HSV-2),12.7,1.1,10.4,15.4,,,
2003-2004,Male,20-29,All,Herpes Simplex Virus Type 2 (HSV-2),4.1,0.9,2.3,6.6,,,
2003-2004,Male,30-39,All,Herpes Simplex Virus Type 2 (HSV-2),13.4,1.9,9.6,18.0,,,
2003-2004,Male,40-49,All,Herpes Simplex Virus Type 2 (HSV-2),20.0,2.7,14.5,26.6,,,
2005-2006,All,20-49,All,Herpes Simplex Virus Type 2 (HSV-2),19.5,1.5,16.4,22.9,,,
2005-2006,All,20-49,Non-Hispanic White,Herpes Simplex Virus Type 2 (HSV-2),14.9,1.4,12.0,18.2,,,
2005-2006,All,20-49,Non-Hispanic Black,Herpes Simplex Virus Type 2 (HSV-2),48.1,2.0,43.8,52.4,,,
2005-2006,All,20-49,Non-Hispanic Asian,Herpes Simplex Virus Type 2 (HSV-2),,,,,,Data are only available for Non-Hispanic Asian persons from 2011-2012 onward and for Hispanic persons from 2007-2008 onward.,*
2005-2006,All,20-49,Hispanic,Herpes Simplex Virus Type 2 (HSV-2),,,,,,Data are only available for Non-Hispanic Asian persons from 2011-2012 onward and for Hispanic persons from 2007-2008 onward.,*
2005-2006,All,20-49,Mexican American,Herpes Simplex Virus Type 2 (HSV-2),10.2,1.4,7.4,13.7,,,
2005-2006,All,20-29,All,Herpes Simplex Virus Type 2 (HSV-2),10.3,1.2,8.0,13.1,,,
2005-2006,All,30-39,All,Herpes Simplex Virus Type 2 (HSV-2),20.9,2.6,15.6,27.1,,,
2005-2006,All,40-49,All,Herpes Simplex Virus Type 2 (HSV-2),25.8,2.1,21.4,30.6,,,
2005-2006,Female,20-49,All,Herpes Simplex Virus Type 2 (HSV-2),24.5,2.0,20.3,29.0,,,
2005-2006,Female,20-29,All,Herpes Simplex Virus Type 2 (HSV-2),14.6,1.9,10.8,19.1,,,
2005-2006,Female,30-39,All,Herpes Simplex Virus Type 2 (HSV-2),26.9,3.5,19.7,35.1,,,
2005-2006,Female,40-49,All,Herpes Simplex Virus Type 2 (HSV-2),30.4,3.1,23.9,37.6,,,
2005-2006,Male,20-49,All,Herpes Simplex Virus Type 2 (HSV-2),14.3,1.6,11.1,18.0,,,
2005-2006,Male,20-29,All,Herpes Simplex Virus Type 2 (HSV-2),6.1,1.1,3.9,9.0,,,
2005-2006,Male,30-39,All,Herpes Simplex Virus Type 2 (HSV-2),14.8,2.5,9.9,20.9,,,
2005-2006,Male,40-49,All,Herpes Simplex Virus Type 2 (HSV-2),20.9,3.2,14.6,28.6,,,
2007-2008,All,20-49,All,Herpes Simplex Virus Type 2 (HSV-2),18.7,1.3,16.1,21.6,,,
2007-2008,All,20-49,Non-Hispanic White,Herpes Simplex Virus Type 2 (HSV-2),14.2,1.6,11.0,17.8,,,
2007-2008,All,20-49,Non-Hispanic Black,Herpes Simplex Virus Type 2 (HSV-2),47.3,1.8,42.8,51.8,,,
2007-2008,All,20-49,Non-Hispanic Asian,Herpes Simplex Virus Type 2 (HSV-2),,,,,,Data are only available for Non-Hispanic Asian persons from 2011-2012 onward and for Hispanic persons from 2007-2008 onward.,*
2007-2008,All,20-49,Hispanic,Herpes Simplex Virus Type 2 (HSV-2),20.5,1.6,17.2,24.0,,,
2007-2008,All,20-49,Mexican American,Herpes Simplex Virus Type 2 (HSV-2),13.2,1.8,9.6,17.4,,,
2007-2008,All,20-29,All,Herpes Simplex Virus Type 2 (HSV-2),10.7,1.1,8.4,13.3,,,
2007-2008,All,30-39,All,Herpes Simplex Virus Type 2 (HSV-2),18.3,1.5,15.1,21.8,,,
2007-2008,All,40-49,All,Herpes Simplex Virus Type 2 (HSV-2),26.3,2.8,20.6,32.7,,,
2007-2008,Female,20-49,All,Herpes Simplex Virus Type 2 (HSV-2),24.4,1.3,21.6,27.3,,,
2007-2008,Female,20-29,All,Herpes Simplex Virus Type 2 (HSV-2),14.2,1.9,10.4,18.6,,,
2007-2008,Female,30-39,All,Herpes Simplex Virus Type 2 (HSV-2),23.5,2.1,19.1,28.4,,,
2007-2008,Female,40-49,All,Herpes Simplex Virus Type 2 (HSV-2),34.2,2.5,28.9,39.8,,,
2007-2008,Male,20-49,All,Herpes Simplex Virus Type 2 (HSV-2),13.0,1.5,9.9,16.5,,,
2007-2008,Male,20-29,All,Herpes Simplex Virus Type 2 (HSV-2),7.1,1.0,4.8,10.2,,,
2007-2008,Male,30-39,All,Herpes Simplex Virus Type 2 (HSV-2),12.9,1.7,9.5,17.0,,,
2007-2008,Male,40-49,All,Herpes Simplex Virus Type 2 (HSV-2),18.2,3.7,11.0,27.5,,,
2009-2010,All,20-49,All,Herpes Simplex Virus Type 2 (HSV-2),17.5,0.6,16.2,19.0,,,
2009-2010,All,20-49,Non-Hispanic White,Herpes Simplex Virus Type 2 (HSV-2),12.8,0.8,11.1,14.8,,,
2009-2010,All,20-49,Non-Hispanic Black,Herpes Simplex Virus Type 2 (HSV-2),48.8,3.0,42.2,55.4,,,
2009-2010,All,20-49,Non-Hispanic Asian,Herpes Simplex Virus Type 2 (HSV-2),,,,,,Data are only available for Non-Hispanic Asian persons from 2011-2012 onward and for Hispanic persons from 2007-2008 onward.,*
2009-2010,All,20-49,Hispanic,Herpes Simplex Virus Type 2 (HSV-2),16.7,1.3,14.0,19.7,,,
2009-2010,All,20-49,Mexican American,Herpes Simplex Virus Type 2 (HSV-2),13.4,1.5,10.3,16.9,,,
2009-2010,All,20-29,All,Herpes Simplex Virus Type 2 (HSV-2),8.8,0.9,7.0,10.8,,,
2009-2010,All,30-39,All,Herpes Simplex Virus Type 2 (HSV-2),18.6,1.3,15.9,21.5,,,
2009-2010,All,40-49,All,Herpes Simplex Virus Type 2 (HSV-2),24.8,1.6,21.4,28.4,,,
2009-2010,Female,20-49,All,Herpes Simplex Virus Type 2 (HSV-2),23.0,1.1,20.6,25.5,,,
2009-2010,Female,20-29,All,Herpes Simplex Virus Type 2 (HSV-2),12.7,1.5,9.7,16.1,,,
2009-2010,Female,30-39,All,Herpes Simplex Virus Type 2 (HSV-2),25.2,2.0,21.0,29.9,,,
2009-2010,Female,40-49,All,Herpes Simplex Virus Type 2 (HSV-2),30.3,2.7,24.7,36.4,,,
2009-2010,Male,20-49,All,Herpes Simplex Virus Type 2 (HSV-2),11.9,0.4,10.3,13.8,,,
2009-2010,Male,20-29,All,Herpes Simplex Virus Type 2 (HSV-2),4.9,0.6,3.1,7.4,,,
2009-2010,Male,30-39,All,Herpes Simplex Virus Type 2 (HSV-2),11.6,1.2,8.7,14.9,,,
2009-2010,Male,40-49,All,Herpes Simplex Virus Type 2 (HSV-2),19.0,0.8,15.6,22.8,,,
2011-2012,All,20-49,All,Herpes Simplex Virus Type 2 (HSV-2),18.5,1.4,15.7,21.6,,,
2011-2012,All,20-49,Non-Hispanic White,Herpes Simplex Virus Type 2 (HSV-2),14.8,1.6,11.5,18.7,,,
2011-2012,All,20-49,Non-Hispanic Black,Herpes Simplex Virus Type 2 (HSV-2),41.3,1.8,37.3,45.4,,,
2011-2012,All,20-49,Non-Hispanic Asian,Herpes Simplex Virus Type 2 (HSV-2),6.7,1.1,4.5,9.6,,,
2011-2012,All,20-49,Hispanic,Herpes Simplex Virus Type 2 (HSV-2),18.5,2.4,13.7,24.1,,,
2011-2012,All,20-49,Mexican American,Herpes Simplex Virus Type 2 (HSV-2),16.5,2.2,12.0,21.9,,,
2011-2012,All,20-29,All,Herpes Simplex Virus Type 2 (HSV-2),8.3,1.9,4.6,13.4,,,
2011-2012,All,30-39,All,Herpes Simplex Virus Type 2 (HSV-2),19.4,1.8,15.7,23.5,,,
2011-2012,All,40-49,All,Herpes Simplex Virus Type 2 (HSV-2),27.6,2.9,21.6,34.3,,,
2011-2012,Female,20-49,All,Herpes Simplex Virus Type 2 (HSV-2),24.1,1.6,20.8,27.6,,,
2011-2012,Female,20-29,All,Herpes Simplex Virus Type 2 (HSV-2),11.7,3.1,5.9,20.1,,,
2011-2012,Female,30-39,All,Herpes Simplex Virus Type 2 (HSV-2),26.3,2.8,20.5,32.8,,,
2011-2012,Female,40-49,All,Herpes Simplex Virus Type 2 (HSV-2),33.9,2.8,28.1,40.0,,,
2011-2012,Male,20-49,All,Herpes Simplex Virus Type 2 (HSV-2),12.8,1.3,10.1,15.9,,,
2011-2012,Male,20-29,All,Herpes Simplex Virus Type 2 (HSV-2),4.8,1.3,2.4,8.3,,,
2011-2012,Male,30-39,All,Herpes Simplex Virus Type 2 (HSV-2),12.2,1.6,9.0,16.0,,,
2011-2012,Male,40-49,All,Herpes Simplex Virus Type 2 (HSV-2),21.1,3.3,14.4,29.2,,,
2013-2014,All,20-49,All,Herpes Simplex Virus Type 2 (HSV-2),14.8,1.2,12.4,17.5,,,
2013-2014,All,20-49,Non-Hispanic White,Herpes Simplex Virus Type 2 (HSV-2),11.3,1.6,8.1,15.1,,,
2013-2014,All,20-49,Non-Hispanic Black,Herpes Simplex Virus Type 2 (HSV-2),39.8,1.8,35.5,44.1,,,
2013-2014,All,20-49,Non-Hispanic Asian,Herpes Simplex Virus Type 2 (HSV-2),6.3,1.3,3.8,9.7,,,
2013-2014,All,20-49,Hispanic,Herpes Simplex Virus Type 2 (HSV-2),12.4,1.5,9.3,16.0,,,
2013-2014,All,20-49,Mexican American,Herpes Simplex Virus Type 2 (HSV-2),9.7,1.1,7.0,13.0,,,
2013-2014,All,20-29,All,Herpes Simplex Virus Type 2 (HSV-2),6.7,1.0,4.7,9.2,,,
2013-2014,All,30-39,All,Herpes Simplex Virus Type 2 (HSV-2),16.8,1.7,13.2,20.8,,,
2013-2014,All,40-49,All,Herpes Simplex Virus Type 2 (HSV-2),21.2,2.6,15.7,27.5,,,
2013-2014,Female,20-49,All,Herpes Simplex Virus Type 2 (HSV-2),20.2,1.9,16.3,24.5,,,
2013-2014,Female,20-29,All,Herpes Simplex Virus Type 2 (HSV-2),10.2,1.6,7.0,14.2,,,
2013-2014,Female,30-39,All,Herpes Simplex Virus Type 2 (HSV-2),20.4,2.6,15.2,26.5,,,
2013-2014,Female,40-49,All,Herpes Simplex Virus Type 2 (HSV-2),29.7,4.2,20.9,39.7,,,
2013-2014,Male,20-49,All,Herpes Simplex Virus Type 2 (HSV-2),9.2,0.8,7.5,11.2,,,
2013-2014,Male,20-29,All,Herpes Simplex Virus Type 2 (HSV-2),3.2,0.7,1.8,5.3,,,
2013-2014,Male,30-39,All,Herpes Simplex Virus Type 2 (HSV-2),12.9,2.0,9.0,17.8,,,
2013-2014,Male,40-49,All,Herpes Simplex Virus Type 2 (HSV-2),12.1,1.8,8.6,16.4,,,
2015-2016,All,20-49,All,Herpes Simplex Virus Type 2 (HSV-2),13.9,1.4,11.1,17.2,,,
2015-2016,All,20-49,Non-Hispanic White,Herpes Simplex Virus Type 2 (HSV-2),9.6,1.0,7.4,12.1,,,
2015-2016,All,20-49,Non-Hispanic Black,Herpes Simplex Virus Type 2 (HSV-2),38.9,2.6,33.4,44.7,,,
2015-2016,All,20-49,Non-Hispanic Asian,Herpes Simplex Virus Type 2 (HSV-2),4.5,1.1,2.5,7.4,,,
2015-2016,All,20-49,Hispanic,Herpes Simplex Virus Type 2 (HSV-2),14.2,2.0,10.2,19.1,,,
2015-2016,All,20-49,Mexican American,Herpes Simplex Virus Type 2 (HSV-2),10.3,1.6,7.0,14.4,,,
2015-2016,All,20-29,All,Herpes Simplex Virus Type 2 (HSV-2),7.6,1.5,4.7,11.5,,,
2015-2016,All,30-39,All,Herpes Simplex Virus Type 2 (HSV-2),13.3,2.1,9.1,18.4,,,
2015-2016,All,40-49,All,Herpes Simplex Virus Type 2 (HSV-2),21.2,2.4,16.3,26.8,,,
2015-2016,Female,20-49,All,Herpes Simplex Virus Type 2 (HSV-2),18.4,1.8,14.6,22.7,,,
2015-2016,Female,20-29,All,Herpes Simplex Virus Type 2 (HSV-2),10.1,2.5,5.4,16.7,,,
2015-2016,Female,30-39,All,Herpes Simplex Virus Type 2 (HSV-2),18.4,2.7,13.0,24.9,,,
2015-2016,Female,40-49,All,Herpes Simplex Virus Type 2 (HSV-2),26.9,2.9,20.7,33.7,,,
2015-2016,Male,20-49,All,Herpes Simplex Virus Type 2 (HSV-2),9.3,1.0,7.2,11.8,,,
2015-2016,Male,20-29,All,Herpes Simplex Virus Type 2 (HSV-2),5.1,1.2,2.8,8.2,,,
2015-2016,Male,30-39,All,Herpes Simplex Virus Type 2 (HSV-2),7.9,1.6,4.9,12.0,,,
2015-2016,Male,40-49,All,Herpes Simplex Virus Type 2 (HSV-2),15.3,2.0,11.2,20.2,,,
2017-2018,All,20-49,All,Herpes Simplex Virus Type 2 (HSV-2),14.6,1.1,12.4,17.1,,,
2017-2018,All,20-49,Non-Hispanic White,Herpes Simplex Virus Type 2 (HSV-2),11.7,1.5,8.6,15.4,,,
2017-2018,All,20-49,Non-Hispanic Black,Herpes Simplex Virus Type 2 (HSV-2),33.6,2.9,27.3,40.5,,,
2017-2018,All,20-49,Non-Hispanic Asian,Herpes Simplex Virus Type 2 (HSV-2),3.8,0.9,2.0,6.4,,,
2017-2018,All,20-49,Hispanic,Herpes Simplex Virus Type 2 (HSV-2),14.3,1.4,11.4,17.7,,,
2017-2018,All,20-49,Mexican American,Herpes Simplex Virus Type 2 (HSV-2),10.5,1.6,7.2,14.6,,,
2017-2018,All,20-29,All,Herpes Simplex Virus Type 2 (HSV-2),7.6,0.8,5.8,9.8,,,
2017-2018,All,30-39,All,Herpes Simplex Virus Type 2 (HSV-2),15.1,1.3,12.4,18.2,,,
2017-2018,All,40-49,All,Herpes Simplex Virus Type 2 (HSV-2),22.1,2.2,17.5,27.3,,,
2017-2018,Female,20-49,All,Herpes Simplex Virus Type 2 (HSV-2),19.2,1.3,16.4,22.1,,,
2017-2018,Female,20-29,All,Herpes Simplex Virus Type 2 (HSV-2),10.3,1.4,7.4,13.8,,,
2017-2018,Female,30-39,All,Herpes Simplex Virus Type 2 (HSV-2),19.0,2.2,14.4,24.4,,,
2017-2018,Female,40-49,All,Herpes Simplex Virus Type 2 (HSV-2),29.2,3.5,22.0,37.4,,,
2017-2018,Male,20-49,All,Herpes Simplex Virus Type 2 (HSV-2),10.0,1.3,7.4,13.2,,,
2017-2018,Male,20-29,All,Herpes Simplex Virus Type 2 (HSV-2),5.0,1.1,2.8,8.0,,,
2017-2018,Male,30-39,All,Herpes Simplex Virus Type 2 (HSV-2),11.0,2.1,7.0,16.4,,,
2017-2018,Male,40-49,All,Herpes Simplex Virus Type 2 (HSV-2),14.8,2.9,9.1,22.2,,,
